{"cameraMode":{"drawMode":2,"name":"Shaded Wireframe","section":"Shading Mode"},"sceneLighting":true,"audioPlay":false,"sceneViewState":{"m_AlwaysRefresh":false,"showFog":true,"showSkybox":true,"showFlares":true,"showImageEffects":true,"showParticleSystems":true,"showVisualEffectGraphs":true,"m_FxEnabled":true},"in2DMode":false,"pivot":{"x":611.8831787109375,"y":-17.897857666015626,"z":980.0086669921875},"rotation":{"x":0.13246464729309083,"y":-0.025272533297538759,"z":0.0033782871905714275,"w":0.9908649921417236},"size":775.6790771484375,"orthographic":false}